{
    "_id": {
        "$oid": "693378570e1291058002e083"
    },
    "Symbol": "BTCEUR",
    "baseCurrency": "btc",
    "Currency": "eur",
    "Name": "BTC (BTC/EUR)",
    "quoteCurrency": "eur",
    "Description": "",
    "AssetType": "Crypto",
    "Delisted": false,
    "DividendYield": null,
    "AvgVolume1M": 1554,
    "AvgVolume1W": 1768,
    "AvgVolume1Y": 1305,
    "AvgVolume6M": 1657,
    "RelVolume1M": 2.1,
    "RelVolume1W": 1.8,
    "RelVolume1Y": 2.5,
    "RelVolume6M": 1.9,
    "TimeSeries": {
        "open": 76592.87,
        "high": 77269.3,
        "low": 75424.91,
        "close": 76133.83,
        "volume": 786.05
    },
    "ADV1M": 4.861120099940726,
    "ADV1W": 5.896759048690249,
    "ADV1Y": 3.861913274687307,
    "ADV4M": 4.856052590802225,
    "percentage_change_1w": -6.689747661723225,
    "percentage_change_1m": -0.24447626918697513,
    "percentage_change_4m": -17.17160425624661,
    "RSScore1W": 7,
    "RSScore1M": 29,
    "RSScore4M": 12,
    "1mchange": -0.0024507542043154047,
    "1ychange": -0.2067866430073088,
    "4mchange": -0.20731542730068667,
    "6mchange": -0.260340426321492,
    "todaychange": 0.01670294387076096,
    "weekchange": -0.07507387025809502,
    "ytdchange": 0.014495827794794804,
    "AlltimeHigh": 107457.27675872226,
    "AlltimeLow": 2850.1134661296674,
    "fiftytwoWeekHigh": 107457.27675872226,
    "fiftytwoWeekLow": 70014.42422241817,
    "percoff52WeekHigh": -0.2914967631506067,
    "percoff52WeekLow": 0.08740204967933231,
    "Gap": -0.6115194729349442,
    "MarketCapitalization": 0,
    "PEGRatio": 0,
    "PERatio": 0,
    "PriceToBookRatio": 0,
    "PriceToSalesRatioTTM": 0,
    "RSI": 43.84481464060063,
    "Exchange": "CRYPTO",
    "MA10": 80217.06,
    "MA100": 82175.56,
    "MA20": 79251.51,
    "MA200": 90481.78,
    "MA50": 77218.74,
    "Signals": [],
    "EPSQoQ": 0,
    "EarningsQoQ": 0,
    "RevQoQ": 0,
    "EPSYoY": 0,
    "EarningsYoY": 0,
    "RevYoY": 0
}